<?xml version="1.0" encoding="UTF-8"?>
<project-private xmlns="http://www.netbeans.org/ns/project-private/1">
    <editor-bookmarks xmlns="http://www.netbeans.org/ns/editor-bookmarks/2" lastBookmarkId="0"/>
    <open-files xmlns="http://www.netbeans.org/ns/projectui-open-files/2">
        <group>
            <file>file:/E:/Agnes%20Hinsa/Data%20Del/Semester%204/Pemrograman%20Berorientasi%20Objek/PBO_PROYEK/work/assignments/01-22-12S18003-12S18058/language-fundamentals/src/main.java</file>
            <file>file:/E:/Agnes%20Hinsa/Data%20Del/Semester%204/Pemrograman%20Berorientasi%20Objek/PBO_PROYEK/work/assignments/01-22-12S18003-12S18058/language-fundamentals/src/language/fundamentals/LanguageFundamentals.java</file>
        </group>
    </open-files>
</project-private>
